{
    "m": [
        "293. mQ;rhjpU> vd; neQ;rNk",
        "477. mbahH Ntz;ly; NfSk; NaRNt",
        "174. mNjh XH [Pt thry; ghH",
        "516. mNjh khl;Lj; njhO ghH",
        "336. mehjp epj;a uh[h",
        "3. mehjpahd fHj;jNu",
        "327. me;jfhu Nyhfj;jpy;",
        "62.  mUNzhjak; n[gpf;fpNwd;",
        "344. mUs; Vuhskha;g; nga;Ak;",
        "127. mUs;ehjH tUk;NghJ",
        "345. mUs;khhp vq;Fkhf nga;a",
        "535. my;NyY}ah! my;NyY}ah!",
        "285. mtH nrhy;Yk; top nry;Ntd;",
        "575. miof;fpwhH> miof;fpwhH",
        "531. mwpahNah eP> czuhNah",
        "173. miwag;gl;l NaR ",
        "547. mw;Gj NaR vdJ",
        "58.  mDf;fpufj;NjhNl ,g;Ngh",
        "551. md;gH ghjk; NghJNk",
        "583. md;ghd Nka;g;gd; NaR",
        "364. md;gpd; &gp jpt;ahde;jk;",
        "452. md;gpd; tpUe;ij mUe;jpl",
        "239. md;Gs;s NaR NerH",
        "244. md;Ng gpujhdk; - rNfhju"
    ],
    "M": [
        "218. M! ,t;Ntiof;Fk; ,uq;Fk;",
        "426. M! vkf;fha; ey; Xa;Tehis",
        "329. M! vd; NjhoH thdpy;",
        "449. M NaRNt! ck;khNy",
        "5.   M fHj;jhNt! jho;ikahf",
        "182. M> rNfhjuH xd;wha;",
        "56.  MrPHtjpj;jDg;Gikah",
        "427. MrPHthjk; ghpRj;jk;",
        "558. Ml;Lf;Fl;bahdtH> fdj;Jf;FhpatH",
        "328. Mz;lthpd; gf;fk;",
        "560. Mz;ltiuj; NjLNtd; ehd;",
        "134. Mz;lth ,t;Tyf nts;sp",
        "578. Mz;lth g;urd;dkhfp [Ptd;",
        "379. Mz;lth> Nkhl;r fjp",
        "135. Mz;ltH tUk; Neuk; ehSk;",
        "324. Mjhuk; eP jhidah",
        "382. Mjpahk; kfh uh[Nd",
        "83.  Mjpapy; ,Uis mfw;wp",
        "35.  Mj;JkNk> vd; KO cs;sNk",
        "183. Mj;k NerH Mty; nfhz;L",
        "581. Mj;kNk> cd; Mz;lthpd;",
        "448. Mj;JkhNt> cd;id N[hb",
        "462. M ey;y Nrhgdk; md;ghf",
        "395. M! ehafh> ehd; ck;NkhNl",
        "146. Maj;jkh> ,Njh Maj;jkh?",
        "334. Majjhhp ehd;> mghj;jpuNd",
        "305. Muha;e;Jg; ghUk; vd;id ePH",
        "529. MyaNk jQ;rk; - vd; NaR",
        "49. M! thUk; ehk; vy;yhUk;",
        "552. Mtpapy; mdyilNthk; Copak;",
        "381. Mtpay; n[gk; nra;ag; ngyd;",
        "444. MtpNa! ,wq;Fk; ,g;NghJ",
        "355. Mtpia kio Nghy Cw;Wk;",
        "167. Mde;jNk gukhde;jNk ,NaR"
    ],
    ",": [
        "580. ,e;j mUs; fhyj;jpy;> fHj;jNu",
        "473. ,e;jf; Foe;ijia ePH ,g;NghjhrPHtjpAk;",
        "472. ,e;jf; Foe;ijia ePH Vw;Wf;nfhs;Sk;",
        "467. ,e;j kq;fsk; nropf;fNt",
        "72.  ,e;ehs; tiuf;Fk; NjtNd",
        "74.  ,g;Ngh gfy; nrd;W ,uthapw;Nw",
        "394. ,khy;a kiy Vwp Njrhe;jk; Nehf;FNkd",
        "495. ,k;kl;Lk; [Ptd; je;j fHj;jhit",
        "468. ,k;kzHf;Fd;dUs; <> guthrh",
        "137. ,k;khDNtNy thUk;> thUNk",
        "105. ,aw;if MSk; vopy; murH",
        "317. ,NaR vd; m];jpghuk; Mir",
        "147. ,NaR uh[h tUthH> J}jNuhLk; tUthH",
        "216. ,ul;rpg;gpd; Mde;j re;Njh\\k;",
        "335. ,ul;rpg;ig caHj;jp $W Nyhfk;",
        "110. ,uj;jk; fhak; Fj;Jk; epiwe;J",
        "102. ,uj;jk; rpe;jp ek;ik mtH",
        "545. ,uq;FNkd; vd; tpz;zg;gk; NfSk;",
        "574. ,utpy; XH Nghjfd; NaRtplk;",
        "349. ,wq;Fk;> Njt MtpNa!",
        "168. ,d;gf; fhdhDf;Fs; Vio",
        "319. ,d;g Jd;g Neuj;jpYk;",
        "118. ,d;W fpwp];J vOe;jhH",
        "65.  ,d;iwj; jpdk; cd; mUs;",
        "492. ,d;NdhH Mz;L Kw;Wkha;",
        "339. ,];uNtypd; Nridfspd; Kd;"
    ],
    "c": [
        "166. cr;rpj Nkhl;r gl;lzk; Nghf",
        "283. ck; rpj;jk; Njth",
        "288. ck;kz;il NjtNd!",
        "252. ck;khNy md;wp ul;rfh",
        "577. ck;ikj; Jjpf;fpNwhk; ahTf;Fk;",
        "396. ck;NkhL ciog;Ngd; X! fpwp];JNt",
        "405. ck; thr];jyj;Js;> ck;ik",
        "138. ck; uh[;ak; NjtNd",
        "114. cUfhNah> neQ;rNk eP",
        "482. capHj;njOk;Gq; fhiy jd;dpy;",
        "207. cyfpy; ghtg; ghuj;jhy; NrhUk;",
        "360. cyfpd; thQ;irahd vd;",
        "211. cdf;nfJ NtZk;? ,d;Dk;",
        "318. cdf; nfhj;jhir tUk; ey;",
        "148. cd; Njtid re;jpf;f eP",
        "284. cd; neQ;rpNy cz;lhd tprhuk;",
        "354. ce;jd; MtpNa> Rthkp",
        "254. ce;jd; nrl;il epoypy;"
    ],
    "C": [
        "388. Copak; nra;Nthk; ehk;",
        "400. CopaHf;NfhH ,lKz;L",
        "588. Cw;wz;il re;jpg;ghah eP"
    ],
    "v": [
        "367. vf;fhyk; NaRNt! f;Uig $Uk;",
        "569. vf;fhsk; vL> cuj;Jj; njhdp",
        "513. vq;fs; mofhd nry;yg; ghyNu",
        "422. vq;Fk; epiwAk; ,iwatNd",
        "112. vq;Nf Rke;J NghfpwPH",
        "161. vz;zpy;yhj $l;lkhf",
        "389. vj;Njrj;jpNyAk; g;urq;fpj;Nj",
        "471. ve;ijNa! nfQ;Rfpd;Nwhk;",
        "13.  ve;NeuNkAk; ghLNtd;",
        "185. vg;gbAk; ghtpfis xg;Guthf;fpf;",
        "263. vg;NghJNk ,d;g tho;Nt",
        "584. vg;NghJNk NaR ehjh",
        "156. vUrNyk; vd; Myak;",
        "501. vUrNyk;> vUrNyk; caHe;j",
        "45.  vy;yh ey; <TfSf;Fk;",
        "262. vy;yhk; NaRNt vdf;nfy;yhk;",
        "322. vy;yhtw;wpYk; Njtd; ek;NkhL",
        "141. vdJ fHj;jhpd; uh[hPf ehs;",
        "224. vd; mUik ul;rfh!",
        "108. vd; mUs; ehjh! NaRNt",
        "366. vd; Mj;Jk NerH Nka;g;gNu",
        "32. vd; Mj;JkhNt ehd; cs;ssTk;",
        "411. vd; Mg;j ez;gH mtH kpf",
        "257. vd; Md;khtpy; g;ufhrk;",
        "33.  vd; ,NaRit ehd;",
        "595. vd; NaR kl;Lk; rpYit",
        "245. vd; NaRNt! ck;ik ehd;",
        "303. vd; NjtNd> vd; Mj;Jkh",
        "265. vd; neQ;ir> ];thkp ckf;Nf",
        "563. vd; guk gpjh nry;te;juhk;",
        "436. vd;ghij Ntz;lhNk ck;ghij",
        "522. vd; ghtk;> rhgk;> NehTk;",
        "256. vd; ghte; jPHe;j ehisNa",
        "235. vd; ghtk; ePf;fp tpl;ldH ",
        "415. vd; gpjhtpd; Nyhfk; vd;",
        "227. vd; kPl;ghpd; uj;jj;jpdhNy",
        "326. vd; kPl;gH capNuhbUf;ifapNy",
        "597. vd; kPl;gH vdf;F Ntz;Lk;",
        "223. vd; kPl;gH rpe;jpd uj;jj;jpdhy;",
        "438. vd; kPl;gH nrd;w ghijapy;",
        "181. vd; kpl;gH uj;jk; rpe;jpdhH",
        "418. vd; thHj;ijfspy; VJTk; ",
        "565. vd; nts;sp ehz; mWe;J Nghk;",
        "306. ve;jd; Mj;k NerNu",
        "150. ve;jd; G+khidf; fhzr;",
        "266. ve;jd; [Ptd; NaRNt",
        "550. vd;d md;dpNahe;epak; vd;d",
        "260. vd;d vd; Mde;jk;! vd;d",
        "528. vd;d Rfk; vd; ul;rfhpd;",
        "193. vd;dz;il th! ey; kPl;gH",
        "445. vd;id Ak; ckjhl;bd;",
        "280. vd;id [Pt gypaha;",
        "69.  vd;NdhbUk; vd; Ner fHj;jNu",
        "276. vd; [Ptd;> Rfk; nry;tk;",
        "591. vd; [Ptdpd; kh uh[Nd",
        "365. vd; n[g Ntiy thQ;rpg;Ngd;!"
    ],
    "V": [
        "15.  VNfhgpj;Jr; NrHe;jpLNthk;",
        "240. VR md;ig vd;Wk; ghLNtd;",
        "506. VR ck;ikg; gpd; nry;Ntd;",
        "508. VR vq;fs; Nka;g;gH",
        "95.  VR vd; kPl;gH",
        "309. VR vd; top elj;j",
        "504. VR ve;jd; NerNu",
        "514. VR fw;gpj;jhH xsp tPRNt",
        "109. VR fpwp];JNt G+jyj;jpNy",
        "228. VR ehjh fhf;fpwPH",
        "43.  VR ehjh> NaR ehjh",
        "187. VR ehkk; xd;iw ek;GtPH",
        "466. VR ehafh> te;jhSk;",
        "203. VR ek;ik miof;fpwhH",
        "243. VR Nerpf;fpwhH - NaR Nerpf;fpwhH",
        "132. VR kh uh[H jhk; ,Njh",
        "194. VR kPl;gH ce;jd;",
        "377. VR uh[h> - vid",
        "358. VR ];thkp mUs; ehjh",
        "272. VRtpd; md;gpdhy; %o;fTk;",
        "163. VRtpd; Mr;rHa md;ig",
        "7.   VRtpd; ,d;g ehkj;ij",
        "397. VRtpd; ew;nra;jp nrhy;tPH",
        "546. VRtpd; ehkk; VnwL",
        "41.  VRtpd; ehkj;jpy; ,UtH",
        "414. VRtpd; ghjj;jUNf",
        "70.  VRtpd; ifNa fhty;",
        "512. VRtz;il Nrhpy; G+hpg;ghf;FthH",
        "330. VRTf;Nf epy;Yk; rpYit",
        "271. VRTf;Nf xg;Gtpj;Njd;",
        "289. VRTld; RfkhfNt nry;Ntd;",
        "553. VRNt vd;idg; gilf;fpNwd;",
        "519. VRNt! fy;thhpapy; vd;id",
        "375. VRNt> fpUghrd gjpNa",
        "549. VRitNa rhHe;jpUj;jy;",
        "437. VRitg; ghHj;J el",
        "236. VRitg;Nghy; ey;y NerH",
        "184. VRit md;wp NtnwhU",
        "28.  VRitNa Jjpnra; eP kdNk",
        "195. ViraH jia $u",
        "459. VNjdpy; Mjp kzk; cz;lhd",
        "429. Vohk; ehs; Xa;T ehnsd"
    ],
    "I": [
        "380. Iah! nfhy;fjh kiy",
        "76. \t IaNu> ePH jq;Fk; vd;Dld;!",
        "352. Iiaah> ehd; xU kh",
        "232. Iiaah> ehd; ghtp",
        "282. Iiaah> ehd; te;Njd;",
        "486. IiaNah! kjpjhNdh?"
    ],
    "X": [
        "251. X! NaRNt> vd; kPl;gH",
        "409. X! Xa;T Rgjpdk;",
        "20.  Xrd;dh ghyH ghLk;",
        "96.  X ngj;yNfNk rpw;W}Nu",
        "121. X> vUrNykpahNu",
        "408. Xa;T fPjk;! Xa;T fPjk;!",
        "428. Xa;T ehsij ];jhgpj; jUspa",
        "430. Xa;T ehspd; Mrhpg;ig",
        "530. Xa;T ehs; ,J Xa;e;jpLNthk;",
        "425. Xa;T ehs; ,J rigNa",
        "424. Xa;T ehs; ,J kdNk",
        "420. Xa;Tehs; ,JNt ngyd;",
        "423. Xa;T ehs; gs;spf;$lNk",
        "410. Xa;Tehs; gs;sp$lNk!",
        "419. Xa;Tehs; tpz;zpy; nfhz;lhLfpd;NwhH",
        "515. XH mofhd el;rj;jpuk;",
        "268. XH ey;y ez;giuf; fz;Nld;",
        "564. XH ey;y Nka;g;gH ke;ijapy;"
    ],
    "f": [
        "291. fly; nfhe;jspj;Jg; nghq;f",
        "63.  fjputd; vOfpd;w",
        "417. fHj;jhpd; re;epjp ,d;W",
        "453. fHj;jhpd; ge;jpapy; th",
        "384. fHj;jhpd; Ntiy nra;Ak;",
        "456. fHj;jUf;Ff; fhzpf;if",
        "407. fHj;jH Mrhpj;j Xa;T",
        "548. fHj;jH vd; xsp",
        "509. fHj;jH rpNefk; Rjidj;",
        "287. fHj;jH jhd; vq;fs;",
        "387. fhj;jhtpd; jhrNu> vf;fhsk;",
        "480. fHj;jhNt! mbahUf;F",
        "503. fHj;jhNt! ,e;jf; fhiyapy;",
        "39.  fHj;jhNt> ,e;j Neuj;jpy;",
        "53.  fHj;jhNt ,utpd; gaq;fs;",
        "356. fHj;jhNt> ,wq;Fk;",
        "51.  fh;j;jhNt ck;kz;il te;Njhk;",
        "122. fHj;jhNt> vJ kl;Lk;",
        "67.  fHj;jhNt vd;id kh",
        "393. fHj;jhNt gzptpil nra;ar;",
        "60.  fHj;jhNt> Nghd uhtpNy",
        "82.  fHj;jhNt> ehq;fs;",
        "593. fyq;fhNj jpifahNj eP",
        "210. fy;yhd neQ;ir ,d;Nw",
        "361. fy;thhp kwpNa! ehbNdd;",
        "579. fsp$UNthk;> fHj;jH ek;",
        "314. fd;kiyNa Gfyplk; Gaw;fhy",
        "556. f\\;lk; Jd;gk; jdpikAk;"
    ],
    "fh": [
        "585. fhl;by; fyq;fpj; jphpAk; guNjrp",
        "286. fhl;Lk; top vd; re;Njh\\k;",
        "84.  fhJ Fspug; ghLq;fs; fpUgh",
        "215. fhyj;jpd; mUikia mwpe;J",
        "592. fhyk; ,J filf;fhyk;",
        "144. fhyk; neUq;fp tpl;lNj ",
        "64.  fhyNk Njtidj; NjL@",
        "385. fhiy> gfy;> khiy ve;j NeuNkDk;"
    ],
    "fp": [
        "338. fpQ;rpjKk;> neQ;Nr]",
        "373. fpUig Ghpe;njid Ms;",
        "295. fpwp];Jtpd; Ml;Lf;Fl;b ehd;",
        "311. fpwp];Jitg; gw;wp ehk; ghLNthk;"
    ],
    "fP": [
        "164. fPjk; ghLNthk; ahj;iu"
    ],
    "F": [
        "465. Fzk; ,q;fpj tbtha;"
    ],
    "$": [
        "40.  $b kPl;gH ehkj;jpy;"
    ],
    "nf": [
        "192. nfl;Lg; Nghd khe;jiu",
        "390. nfl;Nlhid ul;rpAk;"
    ],
    "Nf": [
        "386. Nfl;NghH ahnud;whYk;",
        "431. Nfl;fpNwd; vd; kPl;gH",
        "507. NfSk; NaR];thkp",
        "566. Nfs; miyfs; Nky;",
        "399. Nfs; NaR miof;Fk;",
        "93.  Nfs;! n[d;kpj;j uhaHf;Nf"
    ],
    "nfh": [
        "308. nfhLk; ghtq;fs; kd;dpj;jtH"
    ],
    "Nfh": [
        "392. Nfhlhd Nfhbf;fzf;fhd",
        "536. Nfhlh Nfhb Njhj;jpuk;"
    ],
    "if": [
        "567. ifapy; cs;s fhR igapy;"
    ],
    "f;": [
        "500. f;wp];jt Nerj;jpy;",
        "312. f;wp];J uh[h"
    ],
    "r": [
        "525. rNfhjuHf nshUkpj;J",
        "454. rq;fk; $b Viof;nfd;W",
        "26.  rj;jha; ep\\;fskha;",
        "86.  rj;jpa Ntjj;ij jpdk; jpahdp",
        "25.  rUt Nyhfhjpgh> ek];fhuk;!",
        "116. rigahNu! $bg; ghb",
        "496. rigapd; m];jpghuk; ey;",
        "497. rk];j kz;lyj;ijAk; ",
        "101. rkhjhdk; XJk; NaR",
        "24.  rHtj;ijAk; md;gha;"
    ],
    "rp": [
        "439. rpYit Rke;Njhdhf",
        "186. rpYit epoypy; ",
        "225. rpYitapw; NrUNtd;",
        "277. rpYitapd; ghjj;jpy;> tp];thrpj;J",
        "248. rpiwapd; f\\;lk; frg;gpYk;",
        "568. rpd;d xspf;fjpH> ahH"
    ],
    "rP": [
        "151. rPNahNd! eP vOk;gpg; gpufhrp",
        "22.  rPNahdpy; fHj;jH Ms;thH",
        "463. rPuhH tpthfk; VNjd; fhtpNy",
        "219. rPhpy;yhj ghgp\\;lNu! [Pt",
        "537. rPH NaR ehjDf;F",
        "222. rPH ngwhky;> jpf;fpy;yhky;",
        "27.  rPh;kpF thd;Gtp Njth"
    ],
    "R": [
        "296. Rffhyk; vd;fpYk;",
        "347. Rj;j Mtp vd;dpy; jq;Fk;",
        "29.  Re;jug; guk Njt ike;jd;",
        "540. Rgit Neuk; fpl;LfpwJ"
    ],
    "#": [
        "78.  #hpad; kiwe;J me;jfhuk;",
        "73.  #Ok; ,Uspy;> mUs; N[hjpNa"
    ],
    "Nr": [
        "290. Nrjk; mw ahTk; tu"
    ],
    "nrh": [
        "499. nrhw;gf; fhyk; gphpe;jhYk;",
        "333. Nrhjidapy; tPo;e;J ghtk;"
    ],
    "j": [
        "201. jl;bj; jl;b epw;fpwhH",
        "31.  je;jhidj; Jjpg;NghNk> jpUr;",
        "292. je;ij jd; rpW ike;jid",
        "221. jahguh fz;Nzhf;FNk!",
        "374. jUzk; ,JNt> fpUig $Uk;"
    ],
    "jh": [
        "401. jhrNu ,j;juzpia md;gha;",
        "190. jhkjkpd;wp NaRitr; NrH",
        "343. jhUk; Rj;j Mtp jhUk;"
    ],
    "jp": [
        "249. jpf;fw;w ghtp ehd;\t",
        "119. jplk; vd; neQ;rNk",
        "573. jpUk;G> jpUk;G> Vd;",
        "264. jpt;a md;gpd; rj;jj;ij",
        "435. jpt;a If;fpaj;jpy;",
        "133. jpt;af;fhsr; rj;jk; Nfl;f"
    ],
    "jP": [
        "351. jPa kdij khw;w thUk;",
        "404. jPNahH nrhy;tijf; Nfshky;",
        "450. jPuhj jhfj;jhy; vd;",
        "229. jPHj;j ghtf; $nuhbe;J"
    ],
    "J": [
        "199. Jf;fg; ghuj;jhy;",
        "510. Jf;fKs;s Nyhfpy; vq;fs;",
        "321. Jq;fpdpy; xJq;FNthd;",
        "304. Jd;gk; cd;id #o;e;jiyf;"
    ],
    "J}": [
        "481. J}q;fp ez;gNd! cd;",
        "19.  J}a;ikapNy ehk; fHj;jiu",
        "341. J}a Mtp mirthb vd;",
        "1.   J}a> J}a> J}a> rj;jpNaf",
        "100. J}a uh> fhhpUs;> mikjy;",
        "107. J}uj;NjhH Fd;wpNy epd;wNjhH"
    ],
    "nj": [
        "197. nja;t fpUigiaj; Njb",
        "237. nja;td;Gjhd; kh ,dpik",
        "117. nja;thl;Lf; Fl;bf;Fg;"
    ],
    "Nj": [
        "598. Njrk; ahTNk NkhrkhFNj ",
        "383. Njt md;ig Ntjk; $w",
        "52.  Njt MrPHthjj;NjhNl mbahiu",
        "600. Njt MrPHthjk;> vq;fSf;Fj; jhUk; ",
        "432. Njt Ml;Lf; Fl;bNa",
        "18.  Njt f;Uig vq;Fk; tope;NjhLNj",
        "250. Njt jhrNu vOe;J Nghw;wpLq;fs;",
        "325. Njt gpjh ve;jd; Nka;g;gd; my;Nyh",
        "47.  Njtg; gpjh vq;fs; nka;g; guNd",
        "371. NjtNd ck; md;G vd;Wk;",
        "23.  Njtg; Nguhw;wy; ty;yik",
        "42.  NjtNd> fz;Nzhf;FNk",
        "281. NjtNd> ehd; ckjz;ilapy;",
        "38.  NjtNd te;jhSk; vq;fs;",
        "46.  Njtidg; Nghw;Wk;@ mtH md;Gs;stH",
        "599. Njtd; cd; Rikjhq;fp",
        "234. Njtd; Rjd; je;jhH",
        "91.  Njtd; je;j Ntjhfkk;",
        "267. Njth! vd;idg; gilf;fpNwd;",
        "81.  Njthtpahy; ,uf;fkha; cz;lhd",
        "346. NjthtpNa> ,uf;fkha; vd;dpy;",
        "487. NjdpYk; ,dpa NerNu rw;Wr;",
        "90.  NjdpYk; kJuk; Ntjk;",
        "261. Njd; ,dpikapYk; NaRtpd;"
    ],
    "njh": [
        "294. njhy;iyf; f\\;lq;fs; #o;e;jpLk;"
    ],
    "Njh": [
        "30.  Njhj;jpuk; nra;NtNd> ul;rfidj;",
        "34.  Njhj;jpuf; fhzpf;ifia Njth",
        "66.  Njhj;jpu ghj;jpuNd",
        "493. Njhj;jpuk;> Njhj;jpuk;> Njhj;jpuNk",
        "485. NjhoNu! NrHe;J thUq;fs;",
        "526. NjhoNu NrHe;J thOq;fs;",
        "479. NjhoNd! cd; [Ptd; ,q;Nf"
    ],
    "e": [
        "298. elj;JthH> M> ,d;ngz;zk;",
        "590. ejp Nghy; fpsp$Hjy;",
        "212. ek;g Ntz;lhk; ek;g Ntz;lhk;",
        "413. ek;GNthHf;F ehd; cz;ikahapUg;Ngd;",
        "178. ey;y nra;jp! NaRit Nehf;fpg; ghH!",
        "337. ey;y Nghuhl;lk; NghuhL",
        "103. ey; kPl;gH ,NaR ehkNk",
        "37.  ey; Nka;g;gNu> ,f;$l;lj;ijf;",
        "398. ey; Nka;g;gH f;wp];JthdtH",
        "490. et tUlk; ey;fpdhH ehjH",
        "570. ew;fjpH xspaha; ek;ik",
        "532. ed;ik %yNd - ek; Nea"
    ],
    "eh": [
        "44.  ehk; $b fHj;jhpd; MrPHthjk;",
        "4.   ehk; Njt re;epjhdj;jpy;",
        "589. ehd; ,q;NfhH md;dpad;",
        "246. ehd; ck;ikg;gw;wp> ul;rfh!;",
        "274. ehd; vd; nrhe;jky;y!",
        "217. ehd; ghtpjhd;> MdhYk; ePH",
        "255. ehd; g;ukpj;J epd;W Ngud;gpd;",
        "521. ehd; Nkhl;rg; gazk; Nghfpd;Nwd;",
        "162. ehd; NahHjhd; fiuapy; epd;W",
        "544. ehd; ntF J}uk; miye;Njd;"
    ],
    "ep": [
        "247. epr;rak; VR vd; nrhe;jNk",
        "300. epj;a [Ptd; vdf;Fz;L",
        "391. epahaj;jPHg;gpy;> ckjz;il",
        "196. epHg;ge;j ghtp NaRthy; "
    ],
    "eP": [
        "269. eP capiug; ngw> ehd;",
        "61.  ePjpkhd;fs; xd;whf",
        "278. eP Adf;Fr; nrhe;j ky;yNt",
        "559 ePH vd;dpy; thrk; nra;Ak;",
        "124. ePH thUk; fHj;jhNt",
        "17.  ePH thUk; uh[hNt ck;",
        "302. ePH [Pt mg;gk; gQ;rj;jpy;"
    ],
    "ne": [
        "113. neQ;rNk> nfj;nrkNdf;F eP ele;J",
        "323. neQ;rNk> js;shb nehe;J",
        "299. neQ;Nr tpRthrk; nfhz;L"
    ],
    "Ne": [
        "273. Ner NaRTf;Nf ahTk;",
        "484. Ner NjhoNu! thUNk!",
        "238. Ner kPl;gH> ghtk; ePf;fp",
        "270. NerKs;s NaRNt ck; ghjk;",
        "442. Ner NaR fpwp];J NjNt"
    ],
    "neh": [
        "362. nehe;J NrhHe;J ,isj;Jg; Nghdhah?"
    ],
    "g": [
        "71.  gfYk; uhTk; fHj;jUilaJ",
        "416. gfNyhd; fjpH NghYNk",
        "9.   gf;jNu! mz;zhe;J ghUk;!",
        "538. gf;jNu Nky; Nehf;fpg; ghUk;",
        "94.  gf;jNu thUk; fsp$He;J ghb",
        "36.  gf;jp tpeaj;JlNd",
        "475. gilf;fpNwhk; ,r; Nria",
        "372. gjpYz;lh? gjpYz;lh?",
        "451. ge;jp tpl;nlOe;jpUe;jhH",
        "348. guj;jpd; N[hjpNa> vd; Nky;",
        "301. guj;ij ehbg;Nghf neQ;Nr tpopj;jpU",
        "478. guk Nridf;Fk; G+Nyhfj;jhUf;Fk;",
        "231. guNd> jpUf;filf; fz; ghuhNah?",
        "350. ghpRj;j mf;fpdp mDg;Gk; Njth!",
        "55.  ghpRj;j MtpNa Nkhl;r top",
        "440. ghpRj;jk; ngw te;jPl;BHfsh",
        "368. ghpRj;jk; ehL> NaRld; NgR",
        "165. ghpRj;jH $l;lk; NaRitg; Nghw;wp"
    ],
    "g;": [
        "571. g;hpa NaRtpd; Nrid tPuHfs; ehk;"
    ],
    "gh": [
        "524. ghL ghnld; fz;kzp",
        "378. ghjfd; vd; tpid jPH Iah",
        "279. ghjk; xd;Nw NtZk; ",
        "357. ghij fhl;Lk; kh NaNfhth!",
        "87.  ghijf;Fj; jPgkhNk",
        "517. ghyNu! XH NerH cz;L",
        "534. ghyNu> ele;J thUq;fs;",
        "474. ghyH NerNd - kpfg;ghpT $He;jpe;j",
        "527. ghypaH rq;fj; NjhoHfNs!",
        "191. ghtf; F\\;lk; ngytPdk;",
        "171. ght rQ;ryj;ij ePf;f",
        "554. ght Nrw;wpy; %o;Fk; vd;id",
        "172. ght Njh\\k; ePf;fpl",
        "572. ghtg; ghuNk nfhz;L",
        "204. ghtj;jpd; gyd; kuzk;",
        "180. ghtg; ghuk; ePq;f kdJz;lh?",
        "543. ghtkw;w NaRit Nehf;fp",
        "200. ghtk; jPuhjnjd;d",
        "188. ghtk; Nghf;Fk; [Pt ejpiag;",
        "208. ghtp> ,d;Nw jpUk;ghNah?",
        "189. ghtp> cd; kPl;gH fhpridaha;",
        "205. ghtp Xb th cd; ghtg;ghuk;",
        "198. ghtp! Nfs;> cd; Mz;ltH",
        "111. ghtp ehd; vd;d nra;Ntd;?",
        "213. ghtpNa! nfl;Lg; NghfhNj>?"
    ],
    "gp": [
        "340. gpjhNt> ckjhtpia ",
        "313. gpjhNt nfQ;rpf; Nfl;fpNwd;",
        "476. gpujp\\;il nra;a thUk;",
        "363. gpsTz;l kiyNa!",
        "443. gpd; nry;Ntd;> vd; kPl;gNu "
    ],
    "G": [
        "6.  Gfo;Nthk; fHj;jh> Ner Rjd; NaR",
        "494. GJ et Mz;lijf; fz;Nlhk;",
        "461. Gj;jpf;nfl;lhj md;gpd;"
    ],
    "G+": [
        "518. G+kp mjpHe;jhYk; Mop",
        "2.   G+Nyhfj;jhNu> ahtUk;",
        "179. G+Nyhfj;jhH vy;NyhUf;Fk;",
        "54.  G+Nyhfj;jhNu nksdkhf",
        "125. G+Nyhfj;jpd; kPl;gH rpq;fhrdk;",
        "433. G+tpd; ew;fe;jk; tPRk;"
    ],
    "Ng": [
        "370. NgRk; VR ul;rfh!",
        "14.  Ngud;gH NaR epw;fpwhH",
        "307. Nguhw;Wf; nfhg;ghfg; Nghpd;gKz;lhk;",
        "98.  Nguhde;jk; cynfq;Fk; fHj;jH",
        "412. Nghpd;g epj;a tPlq;Nf"
    ],
    "ngh": [
        "457. nghf;fp\\k; NrHj;jpLq;fs;",
        "160. nghd;dfH ,d;gj;ijg;"
    ],
    "Nghw;": [
        "8.   Nghw;Wk;! Nghw;Wk;!",
        "10.  Nghw;WNtd; vd; kPl;gH md;ig!",
        "11.  Nghw;WNtd; NaR md;ig"
    ],
    "k": [
        "209. kfNd> cd; neQ;nrdf;Fj;",
        "21.  kfj;t uhad;> Nghw;wj;",
        "594. kfpikapd; uh[h Nfhyj;ij tpl;L",
        "149. kfpikAs;s kh NaR uh[d;",
        "491. kfpo; nfhz;lhbf; nfk;gPhp",
        "120. kfpo;> kfpo;> ke;ijNa eP",
        "126. kq;fy thHj;ij! rPf;fpukha;",
        "469. kq;fsk; nropf;f fpUigaUSk;",
        "460. kq;fshde;jk;! kfj;thde;jk;!",
        "470. kz tho;tpy; vd;Wk;",
        "464. kz tho;T Gtp tho;tpdpy;",
        "488. kj;jpa ghdj;jpy; kpf epj;jpak;",
        "541. kw;NwhH kz; tPL NjlNt",
        "115. khpj;jhNu fpwp];NjR cdf;fhf",
        "483. khpj;NjhH vtUk; capHj;njOthH",
        "505. kd kfpo;r;rp ehspy;",
        "48.  kDth ,j;jiuapd; kPjp nyd;jid",
        "106. kd;dd; fpwp];J ehjH ,g;Gtpapy;",
        "533. kd;DUthdhH> Mjp kd;DUthdhH"
    ],
    "kh": [
        "169. khl;rp kpFk; Nkhl;r efH kfpik vd;",
        "85.  khNkd;ik ngw;w NtjNk!",
        "542. kh Nkd;ikahd ehnlhd;Wz;Nl"
    ],
    "kP": [
        "297. kPl;fg;gl;l $l;lNk",
        "447. kPl;ghpd; ge;jpia ehk; Rw;wp",
        "253. kPl;gH khpj;j FUrz;il",
        "369. kPl;gh! top fhl;LNkd;"
    ],
    "K": [
        "50.  Krpg;ghWk; ,lk; cz;L",
        "152. Kj;J}J cynfq;Fk; Koq;fpLNj",
        "555. Kw;gpjhf;fspd; ek;gpf;if",
        "511. Kd; rpW rhKNty;",
        "596. KfKfkhff; fhz;Ngd; "
    ],
    "nk": [
        "258. nka;r; rkhjhdkh JH cyfpy;?",
        "12.  nka;j;Njtidj; Jjp NgH ed;ik nra;jhh;",
        "157. nka;gf;jH jhrNu! nfhz;lhlf; $LNthk;",
        "128. nka; uh[h fpwp];J ehjH",
        "68.  nka; N[hjpahk; vd; NerNu",
        "177. nka; top ePNu> NaRNt!"
    ],
    "Nk": [
        "140. Nkf kPjpy; ,NaR uh[d;",
        "139. Nkf kjPy; J}jNuhbNjh",
        "131. Nkrpah ,Njh rkPgk; vd;NwhH",
        "143. Nkrpah NaR uh[d; NkfkPjpy;",
        "155. NkNyhf ,d;g ehl;by; epj;a",
        "153. NkNyhfj;ij ehLfpNwhk;",
        "145. NkNyhf uh[d; tUq; fhykhFJ",
        "557. Nky; Nehf;fp Kd;NdWfpd;Nwd;",
        "75.  Nkw;Nf khiy khAJ",
        "359. Nkd;NkYk; ePH jhUk; ey;",
        "403. NkNyhf tuyhW nrhy;y thQ;rpf;fpNwd;"
    ],
    "Nkh": [
        "158. Nkhl;r kz;lyj;jpYs;s"
    ],
    "ah": [
        "242. ahhpDk; Nkyhd md;gH",
        "576. ahiu ehd; GfONtd;?"
    ],
    "A": [
        "332. Aj;jk; nra;Nthk; thUk;"
    ],
    "Nah": [
        "315. Nahthd; jhprdj;jpy; fz;lhH"
    ],
    "u": [
        "230. ul;rfNu ePH ck;kz;ilapy;",
        "233. ul;rf nuhUtud;G",
        "275. ul;rfh> ck;KilNahdhff;",
        "441. ul;rfh ck;ikg; gpd; nry;Ntd;",
        "220. ul;rh ngUkhNd ghUk;",
        "176. ul;rpg;G Rj;j jathy;"
    ],
    "uh": [
        "97.  uhf;fhyk; ngj;Nyk; Nka;g;gHfs;",
        "310. uhaNu! Gay; tPRJ fly;",
        "92.  uh[d; jhtPJ}hpYs;s",
        "562. uh[;aj;jpd; gq;fhsp Vd;"
    ],
    "y": [
        "587. yNthjpf;Nfah rigf;F "
    ],
    "Nyh": [
        "458. Nyhfk; MSk; Mz;ltH"
    ],
    "t": [
        "214. tUk; ghtpia xUNghjpYk;",
        "586. te;jpLtha; NaRtz;il",
        "57.  te;J ey;tuk; je;jDg;igah",
        "130. tUthNu! jhtPjpd; ike;jH",
        "489. tU\\j; Jtf;fj;jpy;",
        "353. ty;y MtpNa! vq;fs;",
        "434. ty;y Njtd; $Wtpj;Jr;"
    ],
    "th": [
        "226. th! ePrg; ghtp th!",
        "202. th ghtp ,isg;ghw th",
        "206. th> ghtp> fHj;jhpd;",
        "320. thuh tpid te;jhYk; NrhuhNj",
        "77.  thUikah NghjfNu",
        "502. thUk; vkJ tWik ePf;f",
        "123. thUk; NaR ehjh thUk;",
        "421. tho;f fspg;gpd; ehs;",
        "455. thd gpjh je;j M];jpapNy",
        "241. thd gpjh je;j Ntjj;jpNy",
        "170. thdk; G+kp ahtw;wpYk;",
        "99.  thdNyhf J}jHfNs!",
        "16.  thdpd; fPo; thOk; khe;jNu",
        "89.  thdhjp jhs; fhl;Lk;",
        "59.  thNdhH tzq;Fk;",
        "539. thf;Fj;jj;j ehL kiyf;fg;ghNy"
    ],
    "tp": [
        "259. tpRthrpd; fhjpy; gl",
        "342. tpz; VFKd; ey;thHj;ijia",
        "446. tpUe;ij NrUNk",
        "175. tpiyNawg; ngw;w uj;jNk"
    ],
    "tP": [
        "561. tPl;bw;F th gpjh",
        "331. tPu jPukha;> NeUk; rPUkha;",
        "520. tPuhjp tPuH NaR Nrid"
    ],
    "nt": [
        "523. ntspr;rkhfp ,uT gfiy"
    ],
    "Nt": [
        "316. Ntj E}y; XjpLk; ey;y Nka;g;gh",
        "80.  Ntj E}y; jhUk;",
        "88.  Ntj G];jfNk> Ntj G];jfNk",
        "406. Ntiy ehs; MWk; nrd;W Xa;Tehs;"
    ],
    "it": [
        "142. itafe; jd;id eLj; jPHf;f"
    ],
    "[": [
        "136. [dj;jhnuy;yhhplKk; nrd;W"
    ],
    "[P": [
        "159. [Pt xspapw; NghfpNwd;",
        "154. [Pt ejpaz;il NghNthk;",
        "402. [Pt trdk; $WNthk;",
        "104. [Pthjpgjp> N[hjpNa"
    ],
    "n[": [
        "582. n[gj;ijf; Nfl;Fk; vq;fs; Njth",
        "376. n[g rpe;ij vdpy; jhUk;",
        "129. n[a uh[ nfhb Vw;wpf;"
    ],
    "];": [
        "79.  ];Njhj;jpuk;! f;Uig $H Iah!",
        "498. ];thkp> thd; ,Uk;igAk;"
    ]
}